<?xml version="1.0" encoding="UTF-8"?>
<rss version="2.0" xmlns:ror="http://rorweb.com/0.1/" >
<channel>
  <title>ROR Sitemap for http://yistore.ru/</title>
  <link>http://yistore.ru/</link>

<item>
     <link>http://yistore.ru/</link>
     <title>Yi Store | Интернет-магазин action камер Xiaomi Yi</title>
     <description>Yi Store | Интернет-магазин action камер Xiaomi Yi</description>
     <ror:updatePeriod>weekly</ror:updatePeriod>
     <ror:sortOrder>0</ror:sortOrder>
     <ror:resourceOf>sitemap</ror:resourceOf>
</item>
</channel>
</rss>
  